{
    "Dumb Baseline": {
        "accuracy": 0.8312611012433393,
        "precision": 0.0,
        "recall": 0.0,
        "f1_score": 0.0,
        "roc_auc": 0.5
    },
    "Logistic Regression": {
        "accuracy": 0.7948490230905861,
        "precision": 0.4428969359331476,
        "recall": 0.8368421052631579,
        "f1_score": 0.5792349726775956,
        "roc_auc": 0.8781545209176789
    },
    "Random Forest": {
        "accuracy": 0.9733570159857904,
        "precision": 0.9597701149425287,
        "recall": 0.8789473684210526,
        "f1_score": 0.9175824175824175,
        "roc_auc": 0.9976439496176338
    },
    "Gradient Boosting": {
        "accuracy": 0.9138543516873889,
        "precision": 0.803921568627451,
        "recall": 0.6473684210526316,
        "f1_score": 0.717201166180758,
        "roc_auc": 0.9430555555555556
    },
    "XGBoost": {
        "accuracy": 0.9875666074600356,
        "precision": 0.9313725490196079,
        "recall": 1.0,
        "f1_score": 0.9644670050761421,
        "roc_auc": 0.9989428699955015
    },
    "LightGBM": {
        "accuracy": 0.9840142095914742,
        "precision": 0.9257425742574258,
        "recall": 0.9842105263157894,
        "f1_score": 0.9540816326530612,
        "roc_auc": 0.999089068825911
    },
    "CatBoost": {
        "accuracy": 0.9671403197158082,
        "precision": 0.8430493273542601,
        "recall": 0.9894736842105263,
        "f1_score": 0.910411622276029,
        "roc_auc": 0.9955296896086371
    },
    "LightGBM (Tuned)": {
        "accuracy": 0.9662522202486679,
        "precision": 0.8362831858407079,
        "recall": 0.9947368421052631,
        "f1_score": 0.9086538461538461,
        "roc_auc": 0.999089068825911
    },
    "threshold": 0.2469103341074911
}